source,target,relation_type
Akın Doğan,Can Uçar,ILKOKUL_ARKADASI
Can Uçar,Akın Doğan,ILKOKUL_ARKADASI
Akın Doğan,Derya Çelik,ILKOKUL_ARKADASI
Derya Çelik,Akın Doğan,ILKOKUL_ARKADASI
Akın Doğan,Elif Yalçın,ILKOKUL_ARKADASI
Elif Yalçın,Akın Doğan,ILKOKUL_ARKADASI
Alparslan Aydın,Halit Baran,ILKOKUL_ARKADASI
Halit Baran,Alparslan Aydın,ILKOKUL_ARKADASI
Alparslan Aydın,Nefise Aydın,ILKOKUL_ARKADASI
Nefise Aydın,Alparslan Aydın,ILKOKUL_ARKADASI
Alparslan Aydın,Ozan Tan,ILKOKUL_ARKADASI
Ozan Tan,Alparslan Aydın,ILKOKUL_ARKADASI
Alparslan Aydın,Vildan Yılmaz,ILKOKUL_ARKADASI
Vildan Yılmaz,Alparslan Aydın,ILKOKUL_ARKADASI
Alparslan Aydın,Zeynep Uzun,ILKOKUL_ARKADASI
Zeynep Uzun,Alparslan Aydın,ILKOKUL_ARKADASI
Alperen Aydın,Eda Altun,ILKOKUL_ARKADASI
Eda Altun,Alperen Aydın,ILKOKUL_ARKADASI
Alperen Aydın,Emrah Baran,ILKOKUL_ARKADASI
Emrah Baran,Alperen Aydın,ILKOKUL_ARKADASI
Alperen Uzun,Kaan Yılmaz,ILKOKUL_ARKADASI
Kaan Yılmaz,Alperen Uzun,ILKOKUL_ARKADASI
Alperen Uzun,Süleyman Eren,ILKOKUL_ARKADASI
Süleyman Eren,Alperen Uzun,ILKOKUL_ARKADASI
Alperen Uzun,Süleyman Özkan,ILKOKUL_ARKADASI
Süleyman Özkan,Alperen Uzun,ILKOKUL_ARKADASI
Ayşe Çakır,Ferhat Kurt,ILKOKUL_ARKADASI
Ferhat Kurt,Ayşe Çakır,ILKOKUL_ARKADASI
Ayşe Çakır,Meltem Karaca,ILKOKUL_ARKADASI
Meltem Karaca,Ayşe Çakır,ILKOKUL_ARKADASI
Ayşe Çakır,Özge Şimşek,ILKOKUL_ARKADASI
Özge Şimşek,Ayşe Çakır,ILKOKUL_ARKADASI
Ayşe Çakır,Ramazan Kaplan,ILKOKUL_ARKADASI
Ramazan Kaplan,Ayşe Çakır,ILKOKUL_ARKADASI
Ayşe Çakır,Salih Polat,ILKOKUL_ARKADASI
Salih Polat,Ayşe Çakır,ILKOKUL_ARKADASI
Ayşe Çakır,Sinan Sezer,ILKOKUL_ARKADASI
Sinan Sezer,Ayşe Çakır,ILKOKUL_ARKADASI
Batuhan Özdemir,Ozan Doğan,ILKOKUL_ARKADASI
Ozan Doğan,Batuhan Özdemir,ILKOKUL_ARKADASI
Batuhan Uçar,Duygu Özkan,ILKOKUL_ARKADASI
Duygu Özkan,Batuhan Uçar,ILKOKUL_ARKADASI
Batuhan Uçar,Hümeyra Güler,ILKOKUL_ARKADASI
Hümeyra Güler,Batuhan Uçar,ILKOKUL_ARKADASI
Batuhan Uçar,Melek Yılmaz,ILKOKUL_ARKADASI
Melek Yılmaz,Batuhan Uçar,ILKOKUL_ARKADASI
Baturalp Polat,Betül Doğan,ILKOKUL_ARKADASI
Betül Doğan,Baturalp Polat,ILKOKUL_ARKADASI
Baturalp Polat,Hasan Bozkurt,ILKOKUL_ARKADASI
Hasan Bozkurt,Baturalp Polat,ILKOKUL_ARKADASI
Baturalp Polat,Özgür Özsoy,ILKOKUL_ARKADASI
Özgür Özsoy,Baturalp Polat,ILKOKUL_ARKADASI
Baturalp Polat,Süleyman Çakır,ILKOKUL_ARKADASI
Süleyman Çakır,Baturalp Polat,ILKOKUL_ARKADASI
Baturalp Polat,Yasemin Sezer,ILKOKUL_ARKADASI
Yasemin Sezer,Baturalp Polat,ILKOKUL_ARKADASI
Betül Doğan,Hasan Bozkurt,ILKOKUL_ARKADASI
Hasan Bozkurt,Betül Doğan,ILKOKUL_ARKADASI
Betül Doğan,Özgür Özsoy,ILKOKUL_ARKADASI
Özgür Özsoy,Betül Doğan,ILKOKUL_ARKADASI
Betül Doğan,Süleyman Çakır,ILKOKUL_ARKADASI
Süleyman Çakır,Betül Doğan,ILKOKUL_ARKADASI
Betül Doğan,Yasemin Sezer,ILKOKUL_ARKADASI
Yasemin Sezer,Betül Doğan,ILKOKUL_ARKADASI
Can Uçar,Derya Çelik,ILKOKUL_ARKADASI
Derya Çelik,Can Uçar,ILKOKUL_ARKADASI
Can Uçar,Elif Yalçın,ILKOKUL_ARKADASI
Elif Yalçın,Can Uçar,ILKOKUL_ARKADASI
Cemre Özkan,Kaan Güneş,ILKOKUL_ARKADASI
Kaan Güneş,Cemre Özkan,ILKOKUL_ARKADASI
Cem Şimşek,Hatice Polat,ILKOKUL_ARKADASI
Hatice Polat,Cem Şimşek,ILKOKUL_ARKADASI
Cihan Aktaş,Erhan Keskin,ILKOKUL_ARKADASI
Erhan Keskin,Cihan Aktaş,ILKOKUL_ARKADASI
Derya Avcı,İkra Demir,ILKOKUL_ARKADASI
İkra Demir,Derya Avcı,ILKOKUL_ARKADASI
Derya Çelik,Elif Yalçın,ILKOKUL_ARKADASI
Elif Yalçın,Derya Çelik,ILKOKUL_ARKADASI
Duygu Özkan,Hümeyra Güler,ILKOKUL_ARKADASI
Hümeyra Güler,Duygu Özkan,ILKOKUL_ARKADASI
Duygu Özkan,Melek Yılmaz,ILKOKUL_ARKADASI
Melek Yılmaz,Duygu Özkan,ILKOKUL_ARKADASI
Eda Altun,Emrah Baran,ILKOKUL_ARKADASI
Emrah Baran,Eda Altun,ILKOKUL_ARKADASI
Ekin Eren,Elif Güneş,ILKOKUL_ARKADASI
Elif Güneş,Ekin Eren,ILKOKUL_ARKADASI
Ercan Yılmaz,Yılmaz Erdoğan,ILKOKUL_ARKADASI
Yılmaz Erdoğan,Ercan Yılmaz,ILKOKUL_ARKADASI
Faruk Korkmaz,Zafer Can,ILKOKUL_ARKADASI
Zafer Can,Faruk Korkmaz,ILKOKUL_ARKADASI
Ferhat Kurt,Meltem Karaca,ILKOKUL_ARKADASI
Meltem Karaca,Ferhat Kurt,ILKOKUL_ARKADASI
Ferhat Kurt,Özge Şimşek,ILKOKUL_ARKADASI
Özge Şimşek,Ferhat Kurt,ILKOKUL_ARKADASI
Ferhat Kurt,Ramazan Kaplan,ILKOKUL_ARKADASI
Ramazan Kaplan,Ferhat Kurt,ILKOKUL_ARKADASI
Ferhat Kurt,Salih Polat,ILKOKUL_ARKADASI
Salih Polat,Ferhat Kurt,ILKOKUL_ARKADASI
Ferhat Kurt,Sinan Sezer,ILKOKUL_ARKADASI
Sinan Sezer,Ferhat Kurt,ILKOKUL_ARKADASI
Fidan Doğan,Gülçin Polat,ILKOKUL_ARKADASI
Gülçin Polat,Fidan Doğan,ILKOKUL_ARKADASI
Fidan Doğan,Uğur Aydın,ILKOKUL_ARKADASI
Uğur Aydın,Fidan Doğan,ILKOKUL_ARKADASI
Gülben Kara,İskender Aksoy,ILKOKUL_ARKADASI
İskender Aksoy,Gülben Kara,ILKOKUL_ARKADASI
Gülben Kara,Melis Demir,ILKOKUL_ARKADASI
Melis Demir,Gülben Kara,ILKOKUL_ARKADASI
Gülçin Polat,Uğur Aydın,ILKOKUL_ARKADASI
Uğur Aydın,Gülçin Polat,ILKOKUL_ARKADASI
Gül Baran,Rukiye Aslan,ILKOKUL_ARKADASI
Rukiye Aslan,Gül Baran,ILKOKUL_ARKADASI
Gül Baran,Sedef Sezer,ILKOKUL_ARKADASI
Sedef Sezer,Gül Baran,ILKOKUL_ARKADASI
Halit Aktaş,Necla Güneş,ILKOKUL_ARKADASI
Necla Güneş,Halit Aktaş,ILKOKUL_ARKADASI
Halit Baran,Nefise Aydın,ILKOKUL_ARKADASI
Nefise Aydın,Halit Baran,ILKOKUL_ARKADASI
Halit Baran,Ozan Tan,ILKOKUL_ARKADASI
Ozan Tan,Halit Baran,ILKOKUL_ARKADASI
Halit Baran,Vildan Yılmaz,ILKOKUL_ARKADASI
Vildan Yılmaz,Halit Baran,ILKOKUL_ARKADASI
Halit Baran,Zeynep Uzun,ILKOKUL_ARKADASI
Zeynep Uzun,Halit Baran,ILKOKUL_ARKADASI
Harun Koç,Ozan Altun,ILKOKUL_ARKADASI
Ozan Altun,Harun Koç,ILKOKUL_ARKADASI
Hasan Aksoy,Necla Güneş,ILKOKUL_ARKADASI
Necla Güneş,Hasan Aksoy,ILKOKUL_ARKADASI
Hasan Bozkurt,Özgür Özsoy,ILKOKUL_ARKADASI
Özgür Özsoy,Hasan Bozkurt,ILKOKUL_ARKADASI
Hasan Bozkurt,Süleyman Çakır,ILKOKUL_ARKADASI
Süleyman Çakır,Hasan Bozkurt,ILKOKUL_ARKADASI
Hasan Bozkurt,Yasemin Sezer,ILKOKUL_ARKADASI
Yasemin Sezer,Hasan Bozkurt,ILKOKUL_ARKADASI
Hasan Güler,Nazan Kaplan,ILKOKUL_ARKADASI
Nazan Kaplan,Hasan Güler,ILKOKUL_ARKADASI
Hasan Güler,Süleyman Kaplan,ILKOKUL_ARKADASI
Süleyman Kaplan,Hasan Güler,ILKOKUL_ARKADASI
Hümeyra Güler,Melek Yılmaz,ILKOKUL_ARKADASI
Melek Yılmaz,Hümeyra Güler,ILKOKUL_ARKADASI
İskender Aksoy,Melis Demir,ILKOKUL_ARKADASI
Melis Demir,İskender Aksoy,ILKOKUL_ARKADASI
İsmail Güneş,Özge Yıldız,ILKOKUL_ARKADASI
Özge Yıldız,İsmail Güneş,ILKOKUL_ARKADASI
İzzet Yalçın,Vedat Öztürk,ILKOKUL_ARKADASI
Vedat Öztürk,İzzet Yalçın,ILKOKUL_ARKADASI
Kaan Arslan,Şirin Bozkurt,ILKOKUL_ARKADASI
Şirin Bozkurt,Kaan Arslan,ILKOKUL_ARKADASI
Kaan Yılmaz,Süleyman Eren,ILKOKUL_ARKADASI
Süleyman Eren,Kaan Yılmaz,ILKOKUL_ARKADASI
Kaan Yılmaz,Süleyman Özkan,ILKOKUL_ARKADASI
Süleyman Özkan,Kaan Yılmaz,ILKOKUL_ARKADASI
Melek Eren,Nefise Aksoy,ILKOKUL_ARKADASI
Nefise Aksoy,Melek Eren,ILKOKUL_ARKADASI
Melek Eren,Zeki Toprak,ILKOKUL_ARKADASI
Zeki Toprak,Melek Eren,ILKOKUL_ARKADASI
Melek Ermiş,Şahin Güler,ILKOKUL_ARKADASI
Şahin Güler,Melek Ermiş,ILKOKUL_ARKADASI
Melek Ermiş,Veli Arslan,ILKOKUL_ARKADASI
Veli Arslan,Melek Ermiş,ILKOKUL_ARKADASI
Meltem Karaca,Özge Şimşek,ILKOKUL_ARKADASI
Özge Şimşek,Meltem Karaca,ILKOKUL_ARKADASI
Meltem Karaca,Ramazan Kaplan,ILKOKUL_ARKADASI
Ramazan Kaplan,Meltem Karaca,ILKOKUL_ARKADASI
Meltem Karaca,Salih Polat,ILKOKUL_ARKADASI
Salih Polat,Meltem Karaca,ILKOKUL_ARKADASI
Meltem Karaca,Sinan Sezer,ILKOKUL_ARKADASI
Sinan Sezer,Meltem Karaca,ILKOKUL_ARKADASI
Mert Çakır,Tarık Aktaş,ILKOKUL_ARKADASI
Tarık Aktaş,Mert Çakır,ILKOKUL_ARKADASI
Nazan Kaplan,Süleyman Kaplan,ILKOKUL_ARKADASI
Süleyman Kaplan,Nazan Kaplan,ILKOKUL_ARKADASI
Nefise Aksoy,Zeki Toprak,ILKOKUL_ARKADASI
Zeki Toprak,Nefise Aksoy,ILKOKUL_ARKADASI
Nefise Aydın,Vildan Yılmaz,ILKOKUL_ARKADASI
Vildan Yılmaz,Nefise Aydın,ILKOKUL_ARKADASI
Nefise Aydın,Zeynep Uzun,ILKOKUL_ARKADASI
Zeynep Uzun,Nefise Aydın,ILKOKUL_ARKADASI
Ozan Tan,Vildan Yılmaz,ILKOKUL_ARKADASI
Vildan Yılmaz,Ozan Tan,ILKOKUL_ARKADASI
Ozan Tan,Zeynep Uzun,ILKOKUL_ARKADASI
Zeynep Uzun,Ozan Tan,ILKOKUL_ARKADASI
Özge Şimşek,Ramazan Kaplan,ILKOKUL_ARKADASI
Ramazan Kaplan,Özge Şimşek,ILKOKUL_ARKADASI
Özge Şimşek,Salih Polat,ILKOKUL_ARKADASI
Salih Polat,Özge Şimşek,ILKOKUL_ARKADASI
Özge Şimşek,Sinan Sezer,ILKOKUL_ARKADASI
Sinan Sezer,Özge Şimşek,ILKOKUL_ARKADASI
Özgür Özsoy,Süleyman Çakır,ILKOKUL_ARKADASI
Süleyman Çakır,Özgür Özsoy,ILKOKUL_ARKADASI
Özgür Özsoy,Yasemin Sezer,ILKOKUL_ARKADASI
Yasemin Sezer,Özgür Özsoy,ILKOKUL_ARKADASI
Ramazan Kaplan,Salih Polat,ILKOKUL_ARKADASI
Salih Polat,Ramazan Kaplan,ILKOKUL_ARKADASI
Ramazan Kaplan,Sinan Sezer,ILKOKUL_ARKADASI
Sinan Sezer,Ramazan Kaplan,ILKOKUL_ARKADASI
Rukiye Aslan,Sedef Sezer,ILKOKUL_ARKADASI
Sedef Sezer,Rukiye Aslan,ILKOKUL_ARKADASI
Şahin Güler,Veli Arslan,ILKOKUL_ARKADASI
Veli Arslan,Şahin Güler,ILKOKUL_ARKADASI
Salih Polat,Sinan Sezer,ILKOKUL_ARKADASI
Sinan Sezer,Salih Polat,ILKOKUL_ARKADASI
Selin Acar,Yusuf Bulut,ILKOKUL_ARKADASI
Yusuf Bulut,Selin Acar,ILKOKUL_ARKADASI
Süleyman Çakır,Yasemin Sezer,ILKOKUL_ARKADASI
Yasemin Sezer,Süleyman Çakır,ILKOKUL_ARKADASI
Süleyman Eren,Süleyman Özkan,ILKOKUL_ARKADASI
Süleyman Özkan,Süleyman Eren,ILKOKUL_ARKADASI
Vildan Yılmaz,Zeynep Uzun,ILKOKUL_ARKADASI
Zeynep Uzun,Vildan Yılmaz,ILKOKUL_ARKADASI
